investor_id,gap_days,risk_flag
INV000004,85.4,at-risk
INV000008,70.4,at-risk
INV000010,64.8,at-risk
INV000011,40.166666666666664,at-risk
INV000012,57.0,at-risk
INV000013,55.333333333333336,at-risk
INV000014,75.33333333333333,at-risk
INV000023,58.57142857142857,at-risk
INV000028,93.6,at-risk
INV000029,60.666666666666664,at-risk
INV000030,47.625,at-risk
INV000033,45.57142857142857,at-risk
INV000039,68.6,at-risk
INV000045,70.6,at-risk
INV000048,46.0,at-risk
INV000052,36.2,at-risk
INV000056,74.8,at-risk
INV000057,49.714285714285715,at-risk
INV000069,49.111111111111114,at-risk
INV000072,83.0,at-risk
INV000073,48.25,at-risk
INV000074,72.57142857142857,at-risk
INV000075,74.8,at-risk
INV000076,91.8,at-risk
INV000079,65.8,at-risk
INV000081,81.33333333333333,at-risk
INV000082,83.66666666666667,at-risk
INV000086,44.666666666666664,at-risk
INV000087,92.8,at-risk
INV000091,44.0,at-risk
INV000093,55.5,at-risk
INV000094,44.8,at-risk
INV000095,69.4,at-risk
INV000097,54.5,at-risk
INV000101,65.0,at-risk
INV000102,65.28571428571429,at-risk
INV000103,83.4,at-risk
INV000105,57.0,at-risk
INV000109,46.25,at-risk
INV000113,46.0,at-risk
INV000123,59.666666666666664,at-risk
INV000128,82.0,at-risk
INV000131,56.0,at-risk
INV000132,71.0,at-risk
INV000133,88.2,at-risk
INV000138,76.2,at-risk
INV000145,89.4,at-risk
INV000146,66.8,at-risk
INV000148,52.0,at-risk
INV000155,37.333333333333336,at-risk
INV000161,73.0,at-risk
INV000163,61.0,at-risk
INV000164,61.8,at-risk
INV000169,67.83333333333333,at-risk
INV000173,57.666666666666664,at-risk
INV000175,83.66666666666667,at-risk
INV000177,65.42857142857143,at-risk
INV000180,61.8,at-risk
INV000183,56.125,at-risk
INV000191,56.5,at-risk
INV000194,58.0,at-risk
INV000195,77.4,at-risk
INV000196,69.0,at-risk
INV000201,51.125,at-risk
INV000205,62.57142857142857,at-risk
INV000210,70.71428571428571,at-risk
INV000214,94.8,at-risk
INV000217,92.0,at-risk
INV000228,59.75,at-risk
INV000236,67.14285714285714,at-risk
INV000238,93.6,at-risk
INV000239,48.857142857142854,at-risk
INV000243,88.2,at-risk
INV000245,92.2,at-risk
INV000249,45.5,at-risk
INV000252,50.4,at-risk
INV000255,48.6,at-risk
INV000256,70.2,at-risk
INV000259,70.6,at-risk
INV000260,59.57142857142857,at-risk
INV000262,53.57142857142857,at-risk
INV000263,68.42857142857143,at-risk
INV000265,53.44444444444444,at-risk
INV000268,62.333333333333336,at-risk
INV000279,43.375,at-risk
INV000280,55.75,at-risk
INV000283,68.0,at-risk
INV000287,69.83333333333333,at-risk
INV000289,62.714285714285715,at-risk
INV000291,89.0,at-risk
INV000292,46.0,at-risk
INV000293,47.0,at-risk
INV000297,90.6,at-risk
INV000299,85.2,at-risk
INV000304,70.0,at-risk
INV000309,52.0,at-risk
INV000310,75.83333333333333,at-risk
INV000318,97.4,at-risk
INV000319,73.5,at-risk
INV000321,72.83333333333333,at-risk
INV000328,37.5,at-risk
INV000331,50.714285714285715,at-risk
INV000334,25.5,active
INV000335,96.0,at-risk
INV000339,94.0,at-risk
INV000341,54.42857142857143,at-risk
INV000356,54.4,at-risk
INV000359,54.125,at-risk
INV000363,77.0,at-risk
INV000369,43.8,at-risk
INV000371,59.285714285714285,at-risk
INV000372,54.5,at-risk
INV000380,97.0,at-risk
INV000388,53.625,at-risk
INV000392,77.16666666666667,at-risk
INV000395,55.666666666666664,at-risk
INV000396,83.2,at-risk
INV000399,49.55555555555556,at-risk
INV000400,62.6,at-risk
INV000403,58.2,at-risk
INV000407,82.4,at-risk
INV000408,46.8,at-risk
INV000412,43.714285714285715,at-risk
INV000414,66.28571428571429,at-risk
INV000415,66.16666666666667,at-risk
INV000418,86.8,at-risk
INV000427,68.5,at-risk
INV000428,52.142857142857146,at-risk
INV000429,77.2,at-risk
INV000437,97.8,at-risk
INV000440,69.57142857142857,at-risk
INV000441,60.8,at-risk
INV000444,73.2,at-risk
INV000445,57.75,at-risk
INV000446,38.6,at-risk
INV000449,46.8,at-risk
INV000452,49.375,at-risk
INV000457,91.4,at-risk
INV000460,43.4,at-risk
INV000463,65.16666666666667,at-risk
INV000466,73.33333333333333,at-risk
INV000467,56.666666666666664,at-risk
INV000469,70.5,at-risk
INV000483,70.42857142857143,at-risk
INV000491,95.0,at-risk
INV000493,47.55555555555556,at-risk
INV000497,71.83333333333333,at-risk
INV000499,77.83333333333333,at-risk
INV000507,70.16666666666667,at-risk
INV000512,54.75,at-risk
INV000522,100.8,at-risk
INV000524,55.0,at-risk
INV000527,50.8,at-risk
INV000529,59.2,at-risk
INV000531,47.0,at-risk
INV000539,77.0,at-risk
INV000540,73.5,at-risk
INV000543,83.66666666666667,at-risk
INV000545,80.6,at-risk
INV000546,55.0,at-risk
INV000547,55.8,at-risk
INV000549,96.2,at-risk
INV000553,72.0,at-risk
INV000554,70.2,at-risk
INV000556,52.42857142857143,at-risk
INV000562,74.4,at-risk
INV000563,76.33333333333333,at-risk
INV000566,35.0,active
INV000567,63.8,at-risk
INV000568,62.4,at-risk
INV000570,67.28571428571429,at-risk
INV000573,50.833333333333336,at-risk
INV000575,71.6,at-risk
INV000578,66.83333333333333,at-risk
INV000581,78.33333333333333,at-risk
INV000586,44.5,at-risk
INV000589,59.125,at-risk
INV000591,64.5,at-risk
INV000593,74.2,at-risk
INV000596,51.75,at-risk
INV000597,88.6,at-risk
INV000599,81.5,at-risk
INV000607,66.66666666666667,at-risk
INV000608,100.2,at-risk
INV000609,47.0,at-risk
INV000612,49.3,at-risk
INV000615,55.833333333333336,at-risk
INV000624,31.666666666666668,active
INV000625,86.4,at-risk
INV000630,68.66666666666667,at-risk
INV000631,54.0,at-risk
INV000634,52.25,at-risk
INV000635,75.0,at-risk
INV000641,54.8,at-risk
INV000642,53.5,at-risk
INV000645,66.0,at-risk
INV000646,62.333333333333336,at-risk
INV000651,94.0,at-risk
INV000652,93.8,at-risk
INV000657,64.71428571428571,at-risk
INV000662,66.14285714285714,at-risk
INV000663,94.4,at-risk
INV000665,36.22222222222222,at-risk
INV000667,68.0,at-risk
INV000673,92.8,at-risk
INV000675,62.8,at-risk
INV000676,35.3,at-risk
INV000678,63.333333333333336,at-risk
INV000683,54.5,at-risk
INV000690,56.285714285714285,at-risk
INV000691,66.4,at-risk
INV000698,52.25,at-risk
INV000699,42.8,at-risk
INV000701,83.66666666666667,at-risk
INV000707,34.375,active
INV000709,65.16666666666667,at-risk
INV000710,88.6,at-risk
INV000714,37.0,at-risk
INV000718,57.833333333333336,at-risk
INV000719,72.83333333333333,at-risk
INV000724,81.2,at-risk
INV000725,67.66666666666667,at-risk
INV000734,64.0,at-risk
INV000737,92.6,at-risk
INV000747,84.6,at-risk
INV000750,26.5,active
INV000751,53.0,at-risk
INV000754,72.33333333333333,at-risk
INV000759,83.0,at-risk
INV000761,75.16666666666667,at-risk
INV000768,60.0,at-risk
INV000772,46.0,at-risk
INV000774,73.66666666666667,at-risk
INV000776,59.42857142857143,at-risk
INV000777,66.0,at-risk
INV000778,59.714285714285715,at-risk
INV000779,75.0,at-risk
INV000783,89.8,at-risk
INV000785,32.6,active
INV000786,64.125,at-risk
INV000789,55.142857142857146,at-risk
INV000793,69.14285714285714,at-risk
INV000803,77.16666666666667,at-risk
INV000814,94.0,at-risk
INV000822,55.5,at-risk
INV000823,39.666666666666664,at-risk
INV000827,58.285714285714285,at-risk
INV000830,72.2,at-risk
INV000833,67.28571428571429,at-risk
INV000836,84.8,at-risk
INV000843,55.6,at-risk
INV000844,66.16666666666667,at-risk
INV000847,47.8,at-risk
INV000853,49.333333333333336,at-risk
INV000854,61.25,at-risk
INV000858,44.875,at-risk
INV000862,91.2,at-risk
INV000864,40.8,at-risk
INV000865,45.75,at-risk
INV000869,65.4,at-risk
INV000873,73.5,at-risk
INV000874,62.125,at-risk
INV000877,59.4,at-risk
INV000881,46.111111111111114,at-risk
INV000887,65.66666666666667,at-risk
INV000888,80.33333333333333,at-risk
INV000893,59.5,at-risk
INV000894,55.0,at-risk
INV000901,54.0,at-risk
INV000907,59.2,at-risk
INV000920,75.6,at-risk
INV000926,80.0,at-risk
INV000929,58.166666666666664,at-risk
INV000930,32.42857142857143,active
INV000935,30.875,active
INV000939,60.57142857142857,at-risk
INV000942,53.0,at-risk
INV000949,67.5,at-risk
INV000950,91.0,at-risk
INV000971,46.833333333333336,at-risk
INV000974,73.5,at-risk
INV000977,48.77777777777778,at-risk
INV000979,79.8,at-risk
INV000980,44.42857142857143,at-risk
INV000981,50.4,at-risk
INV000986,60.833333333333336,at-risk
INV000994,63.8,at-risk
INV001001,60.285714285714285,at-risk
INV001002,41.666666666666664,at-risk
INV001005,93.6,at-risk
INV001008,64.66666666666667,at-risk
INV001013,96.8,at-risk
INV001017,67.0,at-risk
INV001019,44.875,at-risk
INV001021,68.66666666666667,at-risk
INV001023,72.42857142857143,at-risk
INV001025,38.8,at-risk
INV001026,69.4,at-risk
INV001037,42.0,at-risk
INV001039,66.2,at-risk
INV001041,83.0,at-risk
INV001047,66.16666666666667,at-risk
INV001048,47.0,at-risk
INV001051,54.142857142857146,at-risk
INV001053,55.857142857142854,at-risk
INV001055,93.2,at-risk
INV001060,53.375,at-risk
INV001061,51.125,at-risk
INV001063,43.285714285714285,at-risk
INV001064,59.5,at-risk
INV001069,41.285714285714285,at-risk
INV001070,97.0,at-risk
INV001092,77.33333333333333,at-risk
INV001099,26.142857142857142,active
INV001102,55.333333333333336,at-risk
INV001115,81.4,at-risk
INV001116,58.125,at-risk
INV001117,61.714285714285715,at-risk
INV001130,76.83333333333333,at-risk
INV001137,57.0,at-risk
INV001140,60.4,at-risk
INV001141,97.6,at-risk
INV001142,42.833333333333336,at-risk
INV001156,102.4,at-risk
INV001160,57.57142857142857,at-risk
INV001161,80.6,at-risk
INV001163,67.33333333333333,at-risk
INV001167,96.2,at-risk
INV001170,68.2,at-risk
INV001173,67.0,at-risk
INV001178,79.66666666666667,at-risk
INV001180,74.4,at-risk
INV001181,67.42857142857143,at-risk
INV001190,97.0,at-risk
INV001195,53.42857142857143,at-risk
INV001196,92.2,at-risk
INV001202,58.0,at-risk
INV001206,83.6,at-risk
INV001208,51.833333333333336,at-risk
INV001210,36.875,at-risk
INV001217,60.142857142857146,at-risk
INV001219,50.857142857142854,at-risk
INV001220,77.16666666666667,at-risk
INV001223,70.83333333333333,at-risk
INV001234,60.57142857142857,at-risk
INV001235,59.0,at-risk
INV001237,98.0,at-risk
INV001238,68.5,at-risk
INV001242,69.8,at-risk
INV001251,82.0,at-risk
INV001262,44.833333333333336,at-risk
INV001274,73.33333333333333,at-risk
INV001275,66.66666666666667,at-risk
INV001282,67.0,at-risk
INV001287,92.2,at-risk
INV001288,45.666666666666664,at-risk
INV001291,76.2,at-risk
INV001295,50.75,at-risk
INV001298,71.83333333333333,at-risk
INV001299,51.25,at-risk
INV001304,97.6,at-risk
INV001308,54.625,at-risk
INV001310,81.2,at-risk
INV001314,50.44444444444444,at-risk
INV001315,51.833333333333336,at-risk
INV001316,92.4,at-risk
INV001317,84.8,at-risk
INV001318,46.22222222222222,at-risk
INV001326,69.42857142857143,at-risk
INV001329,68.2,at-risk
INV001331,94.2,at-risk
INV001332,80.0,at-risk
INV001333,78.66666666666667,at-risk
INV001336,65.85714285714286,at-risk
INV001348,47.833333333333336,at-risk
INV001351,70.5,at-risk
INV001355,60.2,at-risk
INV001356,79.2,at-risk
INV001359,72.5,at-risk
INV001361,50.5,at-risk
INV001367,99.0,at-risk
INV001375,78.5,at-risk
INV001376,78.66666666666667,at-risk
INV001383,56.142857142857146,at-risk
INV001387,57.25,at-risk
INV001394,63.57142857142857,at-risk
INV001400,76.8,at-risk
INV001401,68.6,at-risk
INV001406,47.666666666666664,at-risk
INV001407,45.2,at-risk
INV001415,68.14285714285714,at-risk
INV001418,88.6,at-risk
INV001419,85.8,at-risk
INV001423,48.57142857142857,at-risk
INV001428,79.4,at-risk
INV001432,71.4,at-risk
INV001434,80.6,at-risk
INV001442,57.125,at-risk
INV001454,73.0,at-risk
INV001455,64.71428571428571,at-risk
INV001457,43.8,at-risk
INV001458,59.833333333333336,at-risk
INV001466,44.6,at-risk
INV001472,79.0,at-risk
INV001482,80.6,at-risk
INV001485,55.0,at-risk
INV001491,98.8,at-risk
INV001497,63.0,at-risk
INV001504,54.25,at-risk
INV001507,86.2,at-risk
INV001510,66.83333333333333,at-risk
INV001514,51.833333333333336,at-risk
INV001516,56.8,at-risk
INV001526,50.4,at-risk
INV001530,64.66666666666667,at-risk
INV001532,56.833333333333336,at-risk
INV001536,69.0,at-risk
INV001545,92.8,at-risk
INV001547,72.16666666666667,at-risk
INV001548,80.6,at-risk
INV001550,79.0,at-risk
INV001551,61.8,at-risk
INV001562,44.22222222222222,at-risk
INV001564,55.714285714285715,at-risk
INV001569,83.4,at-risk
INV001579,75.0,at-risk
INV001580,45.666666666666664,at-risk
INV001585,56.6,at-risk
INV001587,65.0,at-risk
INV001597,56.0,at-risk
INV001599,58.2,at-risk
INV001602,93.8,at-risk
INV001603,54.5,at-risk
INV001605,60.57142857142857,at-risk
INV001606,67.66666666666667,at-risk
INV001616,53.0,at-risk
INV001623,92.0,at-risk
INV001625,72.0,at-risk
INV001628,51.714285714285715,at-risk
INV001629,67.5,at-risk
INV001631,57.0,at-risk
INV001636,48.875,at-risk
INV001641,88.4,at-risk
INV001644,65.6,at-risk
INV001645,67.6,at-risk
INV001649,51.666666666666664,at-risk
INV001651,78.66666666666667,at-risk
INV001653,55.2,at-risk
INV001654,56.0,at-risk
INV001656,59.857142857142854,at-risk
INV001662,60.2,at-risk
INV001672,34.0,active
INV001673,49.3,at-risk
INV001680,58.875,at-risk
INV001683,72.5,at-risk
INV001689,83.6,at-risk
INV001690,81.16666666666667,at-risk
INV001691,82.0,at-risk
INV001694,66.14285714285714,at-risk
INV001697,62.5,at-risk
INV001699,83.2,at-risk
INV001709,51.8,at-risk
INV001711,65.83333333333333,at-risk
INV001712,66.6,at-risk
INV001715,68.28571428571429,at-risk
INV001718,84.0,at-risk
INV001724,69.66666666666667,at-risk
INV001728,50.57142857142857,at-risk
INV001737,56.833333333333336,at-risk
INV001738,47.5,at-risk
INV001739,52.5,at-risk
INV001741,89.4,at-risk
INV001744,78.5,at-risk
INV001752,69.33333333333333,at-risk
INV001753,42.8,at-risk
INV001757,55.57142857142857,at-risk
INV001759,49.55555555555556,at-risk
INV001769,98.0,at-risk
INV001772,95.0,at-risk
INV001775,29.142857142857142,active
INV001777,57.625,at-risk
INV001778,63.57142857142857,at-risk
INV001797,79.66666666666667,at-risk
INV001800,49.666666666666664,at-risk
INV001802,61.666666666666664,at-risk
INV001803,59.0,at-risk
INV001804,55.857142857142854,at-risk
INV001806,60.0,at-risk
INV001809,95.6,at-risk
INV001811,54.25,at-risk
INV001822,19.8,active
INV001823,58.142857142857146,at-risk
INV001826,51.2,at-risk
INV001828,44.42857142857143,at-risk
INV001831,72.8,at-risk
INV001837,62.833333333333336,at-risk
INV001841,56.2,at-risk
INV001853,47.42857142857143,at-risk
INV001858,55.142857142857146,at-risk
INV001865,63.5,at-risk
INV001866,58.8,at-risk
INV001870,76.0,at-risk
INV001871,55.0,at-risk
INV001883,99.2,at-risk
INV001885,71.2,at-risk
INV001886,50.75,at-risk
INV001890,102.6,at-risk
INV001891,96.4,at-risk
INV001909,62.142857142857146,at-risk
INV001912,86.4,at-risk
INV001920,39.0,at-risk
INV001921,68.57142857142857,at-risk
INV001923,80.66666666666667,at-risk
INV001924,59.166666666666664,at-risk
INV001927,58.8,at-risk
INV001929,66.2,at-risk
INV001937,60.42857142857143,at-risk
INV001938,43.0,at-risk
INV001943,74.4,at-risk
INV001950,60.166666666666664,at-risk
INV001951,58.833333333333336,at-risk
INV001954,86.8,at-risk
INV001955,76.0,at-risk
INV001961,83.4,at-risk
INV001969,79.2,at-risk
INV001971,54.714285714285715,at-risk
INV001972,42.42857142857143,at-risk
INV001978,83.2,at-risk
INV001979,55.4,at-risk
INV001982,85.8,at-risk
INV001986,47.666666666666664,at-risk
INV001987,67.0,at-risk
INV001990,45.285714285714285,at-risk
INV001993,56.6,at-risk
INV001995,48.6,at-risk
INV001997,88.6,at-risk
INV002001,84.8,at-risk
INV002006,73.6,at-risk
INV002010,74.6,at-risk
INV002017,44.666666666666664,at-risk
INV002018,63.6,at-risk
INV002019,68.8,at-risk
INV002025,55.833333333333336,at-risk
INV002033,55.0,at-risk
INV002034,69.0,at-risk
INV002037,33.2,active
INV002038,84.0,at-risk
INV002051,78.6,at-risk
INV002052,44.166666666666664,at-risk
INV002069,47.55555555555556,at-risk
INV002070,81.33333333333333,at-risk
INV002083,51.666666666666664,at-risk
INV002085,65.0,at-risk
INV002090,90.2,at-risk
INV002092,33.5,active
INV002101,80.2,at-risk
INV002102,44.8,at-risk
INV002107,71.14285714285714,at-risk
INV002111,62.42857142857143,at-risk
INV002119,78.0,at-risk
INV002121,68.5,at-risk
INV002122,40.333333333333336,at-risk
INV002127,60.2,at-risk
INV002134,82.66666666666667,at-risk
INV002138,91.8,at-risk
INV002142,45.5,at-risk
INV002143,63.57142857142857,at-risk
INV002149,42.285714285714285,at-risk
INV002150,73.6,at-risk
INV002151,60.375,at-risk
INV002153,67.83333333333333,at-risk
INV002154,89.4,at-risk
INV002155,78.0,at-risk
INV002157,58.5,at-risk
INV002159,65.0,at-risk
INV002162,58.375,at-risk
INV002166,99.2,at-risk
INV002171,55.833333333333336,at-risk
INV002177,73.0,at-risk
INV002178,66.42857142857143,at-risk
INV002179,54.142857142857146,at-risk
INV002182,70.5,at-risk
INV002185,48.4,at-risk
INV002186,74.83333333333333,at-risk
INV002187,67.83333333333333,at-risk
INV002195,49.25,at-risk
INV002196,62.142857142857146,at-risk
INV002198,43.0,at-risk
INV002199,50.833333333333336,at-risk
INV002202,70.42857142857143,at-risk
INV002206,49.0,at-risk
INV002208,71.33333333333333,at-risk
INV002211,63.833333333333336,at-risk
INV002216,61.714285714285715,at-risk
INV002218,67.8,at-risk
INV002219,70.85714285714286,at-risk
INV002228,68.6,at-risk
INV002229,64.6,at-risk
INV002230,57.57142857142857,at-risk
INV002232,69.16666666666667,at-risk
INV002236,73.66666666666667,at-risk
INV002237,51.666666666666664,at-risk
INV002240,77.83333333333333,at-risk
INV002241,65.66666666666667,at-risk
INV002251,62.6,at-risk
INV002256,75.6,at-risk
INV002259,45.333333333333336,at-risk
INV002260,77.8,at-risk
INV002265,63.166666666666664,at-risk
INV002277,67.33333333333333,at-risk
INV002280,71.66666666666667,at-risk
INV002282,53.2,at-risk
INV002284,85.0,at-risk
INV002290,61.6,at-risk
INV002294,48.714285714285715,at-risk
INV002295,64.5,at-risk
INV002298,23.2,active
INV002304,42.55555555555556,at-risk
INV002315,71.83333333333333,at-risk
INV002319,60.0,at-risk
INV002322,63.4,at-risk
INV002327,76.4,at-risk
INV002329,57.0,at-risk
INV002342,74.2,at-risk
INV002343,57.75,at-risk
INV002347,40.5,at-risk
INV002348,94.4,at-risk
INV002349,52.2,at-risk
INV002351,77.2,at-risk
INV002357,68.33333333333333,at-risk
INV002360,56.125,at-risk
INV002361,55.4,at-risk
INV002367,52.5,at-risk
INV002368,61.166666666666664,at-risk
INV002369,60.0,at-risk
INV002370,70.16666666666667,at-risk
INV002372,95.2,at-risk
INV002373,70.14285714285714,at-risk
INV002374,21.2,active
INV002384,39.111111111111114,at-risk
INV002388,33.2,active
INV002389,50.77777777777778,at-risk
INV002390,47.0,at-risk
INV002391,40.2,at-risk
INV002395,97.0,at-risk
INV002400,55.375,at-risk
INV002401,59.142857142857146,at-risk
INV002402,47.166666666666664,at-risk
INV002407,47.833333333333336,at-risk
INV002409,55.57142857142857,at-risk
INV002413,53.0,at-risk
INV002415,57.42857142857143,at-risk
INV002417,83.33333333333333,at-risk
INV002418,91.6,at-risk
INV002420,72.8,at-risk
INV002422,50.333333333333336,at-risk
INV002429,78.6,at-risk
INV002434,88.2,at-risk
INV002437,49.166666666666664,at-risk
INV002445,38.142857142857146,at-risk
INV002453,63.0,at-risk
INV002458,72.4,at-risk
INV002459,53.714285714285715,at-risk
INV002463,95.4,at-risk
INV002464,35.4,at-risk
INV002466,80.66666666666667,at-risk
INV002467,38.857142857142854,at-risk
INV002471,56.4,at-risk
INV002475,49.666666666666664,at-risk
INV002476,86.0,at-risk
INV002485,70.4,at-risk
INV002490,70.0,at-risk
INV002495,82.2,at-risk
INV002496,53.0,at-risk
INV002497,67.28571428571429,at-risk
INV002508,51.625,at-risk
INV002509,33.666666666666664,active
INV002510,64.33333333333333,at-risk
INV002521,74.6,at-risk
INV002527,49.666666666666664,at-risk
INV002530,71.42857142857143,at-risk
INV002531,76.33333333333333,at-risk
INV002543,74.66666666666667,at-risk
INV002547,89.0,at-risk
INV002552,48.22222222222222,at-risk
INV002554,49.666666666666664,at-risk
INV002555,72.0,at-risk
INV002557,67.16666666666667,at-risk
INV002558,97.6,at-risk
INV002560,95.2,at-risk
INV002563,65.8,at-risk
INV002567,82.0,at-risk
INV002568,61.57142857142857,at-risk
INV002570,62.0,at-risk
INV002572,55.714285714285715,at-risk
INV002574,79.4,at-risk
INV002575,56.125,at-risk
INV002579,40.8,at-risk
INV002582,77.4,at-risk
INV002585,65.0,at-risk
INV002586,87.2,at-risk
INV002590,50.22222222222222,at-risk
INV002591,52.2,at-risk
INV002594,94.0,at-risk
INV002598,51.375,at-risk
INV002602,66.0,at-risk
INV002606,89.6,at-risk
INV002613,65.0,at-risk
INV002622,76.66666666666667,at-risk
INV002627,85.0,at-risk
INV002628,77.0,at-risk
INV002632,65.57142857142857,at-risk
INV002640,70.0,at-risk
INV002643,74.2,at-risk
INV002645,45.166666666666664,at-risk
INV002654,61.857142857142854,at-risk
INV002659,62.333333333333336,at-risk
INV002666,53.166666666666664,at-risk
INV002671,77.16666666666667,at-risk
INV002673,65.0,at-risk
INV002674,75.8,at-risk
INV002675,63.857142857142854,at-risk
INV002681,83.66666666666667,at-risk
INV002684,80.6,at-risk
INV002688,37.0,at-risk
INV002689,50.0,at-risk
INV002693,45.833333333333336,at-risk
INV002697,55.333333333333336,at-risk
INV002700,79.83333333333333,at-risk
INV002704,59.142857142857146,at-risk
INV002705,22.571428571428573,active
INV002706,73.6,at-risk
INV002711,65.57142857142857,at-risk
INV002712,46.8,at-risk
INV002722,61.4,at-risk
INV002723,37.75,at-risk
INV002724,76.6,at-risk
INV002726,45.57142857142857,at-risk
INV002732,70.71428571428571,at-risk
INV002733,51.57142857142857,at-risk
INV002735,68.16666666666667,at-risk
INV002736,70.6,at-risk
INV002737,58.42857142857143,at-risk
INV002743,88.2,at-risk
INV002744,52.888888888888886,at-risk
INV002746,68.0,at-risk
INV002750,72.4,at-risk
INV002751,41.5,at-risk
INV002758,81.0,at-risk
INV002761,80.6,at-risk
INV002766,70.6,at-risk
INV002767,55.333333333333336,at-risk
INV002769,82.0,at-risk
INV002772,74.5,at-risk
INV002779,64.2,at-risk
INV002783,64.0,at-risk
INV002786,76.33333333333333,at-risk
INV002793,59.333333333333336,at-risk
INV002794,56.166666666666664,at-risk
INV002799,70.8,at-risk
INV002800,63.5,at-risk
INV002803,64.83333333333333,at-risk
INV002804,59.857142857142854,at-risk
INV002808,59.666666666666664,at-risk
INV002809,81.4,at-risk
INV002810,32.285714285714285,active
INV002813,49.0,at-risk
INV002822,53.0,at-risk
INV002824,71.83333333333333,at-risk
INV002826,61.6,at-risk
INV002827,73.6,at-risk
INV002828,80.0,at-risk
INV002831,40.2,at-risk
INV002835,82.33333333333333,at-risk
INV002838,56.714285714285715,at-risk
INV002841,43.4,at-risk
INV002843,43.142857142857146,at-risk
INV002847,52.666666666666664,at-risk
INV002850,53.166666666666664,at-risk
INV002852,75.8,at-risk
INV002859,76.5,at-risk
INV002863,74.4,at-risk
INV002865,37.2,at-risk
INV002870,48.2,at-risk
INV002872,85.6,at-risk
INV002873,98.2,at-risk
INV002879,72.16666666666667,at-risk
INV002881,43.6,at-risk
INV002883,96.0,at-risk
INV002886,44.333333333333336,at-risk
INV002891,72.71428571428571,at-risk
INV002893,50.0,at-risk
INV002900,64.2,at-risk
INV002903,89.6,at-risk
INV002904,49.333333333333336,at-risk
INV002905,73.0,at-risk
INV002906,41.2,at-risk
INV002909,82.33333333333333,at-risk
INV002912,97.0,at-risk
INV002913,73.66666666666667,at-risk
INV002915,49.285714285714285,at-risk
INV002921,53.333333333333336,at-risk
INV002927,40.285714285714285,at-risk
INV002935,48.0,at-risk
INV002937,67.16666666666667,at-risk
INV002939,60.5,at-risk
INV002942,55.5,at-risk
INV002945,65.0,at-risk
INV002947,64.16666666666667,at-risk
INV002950,45.857142857142854,at-risk
INV002951,51.833333333333336,at-risk
INV002961,84.66666666666667,at-risk
INV002974,51.333333333333336,at-risk
INV002984,91.0,at-risk
INV002989,86.6,at-risk
INV002994,58.166666666666664,at-risk
INV003000,67.0,at-risk
INV003003,58.25,at-risk
INV003005,53.142857142857146,at-risk
INV003007,48.25,at-risk
INV003009,38.125,at-risk
INV003011,64.16666666666667,at-risk
INV003014,82.4,at-risk
INV003015,54.666666666666664,at-risk
INV003018,49.2,at-risk
INV003022,69.6,at-risk
INV003024,44.2,at-risk
INV003025,35.285714285714285,at-risk
INV003028,91.4,at-risk
INV003034,73.4,at-risk
INV003036,57.714285714285715,at-risk
INV003037,79.5,at-risk
INV003040,74.0,at-risk
INV003043,73.83333333333333,at-risk
INV003044,71.16666666666667,at-risk
INV003045,36.2,at-risk
INV003047,70.14285714285714,at-risk
INV003054,78.66666666666667,at-risk
INV003060,79.0,at-risk
INV003063,57.833333333333336,at-risk
INV003070,54.5,at-risk
INV003074,74.8,at-risk
INV003075,57.42857142857143,at-risk
INV003078,69.16666666666667,at-risk
INV003082,46.42857142857143,at-risk
INV003083,66.4,at-risk
INV003089,65.0,at-risk
INV003091,50.875,at-risk
INV003095,86.6,at-risk
INV003097,62.714285714285715,at-risk
INV003105,65.5,at-risk
INV003112,91.6,at-risk
INV003113,66.85714285714286,at-risk
INV003115,48.0,at-risk
INV003117,66.57142857142857,at-risk
INV003134,76.83333333333333,at-risk
INV003139,55.166666666666664,at-risk
INV003140,57.0,at-risk
INV003141,67.5,at-risk
INV003144,82.5,at-risk
INV003146,59.5,at-risk
INV003151,81.0,at-risk
INV003153,40.666666666666664,at-risk
INV003158,55.625,at-risk
INV003161,77.4,at-risk
INV003169,62.6,at-risk
INV003178,56.4,at-risk
INV003179,56.25,at-risk
INV003185,65.2,at-risk
INV003187,58.25,at-risk
INV003189,55.125,at-risk
INV003191,76.8,at-risk
INV003193,96.6,at-risk
INV003196,80.33333333333333,at-risk
INV003205,67.66666666666667,at-risk
INV003210,72.2,at-risk
INV003211,69.0,at-risk
INV003214,59.8,at-risk
INV003215,60.833333333333336,at-risk
INV003219,57.2,at-risk
INV003221,61.166666666666664,at-risk
INV003222,81.5,at-risk
INV003223,67.71428571428571,at-risk
INV003228,70.16666666666667,at-risk
INV003230,67.5,at-risk
INV003231,83.0,at-risk
INV003234,96.6,at-risk
INV003236,51.125,at-risk
INV003242,61.0,at-risk
INV003247,84.6,at-risk
INV003252,67.6,at-risk
INV003256,51.0,at-risk
INV003257,61.8,at-risk
INV003260,89.4,at-risk
INV003262,85.2,at-risk
INV003267,74.4,at-risk
INV003271,61.166666666666664,at-risk
INV003273,60.142857142857146,at-risk
INV003277,53.714285714285715,at-risk
INV003279,63.375,at-risk
INV003289,64.83333333333333,at-risk
INV003300,64.8,at-risk
INV003301,59.375,at-risk
INV003304,44.22222222222222,at-risk
INV003308,56.75,at-risk
INV003310,80.8,at-risk
INV003311,48.0,at-risk
INV003314,73.5,at-risk
INV003317,44.142857142857146,at-risk
INV003320,45.285714285714285,at-risk
INV003325,101.0,at-risk
INV003329,89.0,at-risk
INV003336,72.33333333333333,at-risk
INV003338,37.5,at-risk
INV003344,86.6,at-risk
INV003350,92.4,at-risk
INV003351,54.0,at-risk
INV003352,68.14285714285714,at-risk
INV003357,62.4,at-risk
INV003360,59.42857142857143,at-risk
INV003370,63.333333333333336,at-risk
INV003372,59.4,at-risk
INV003374,56.5,at-risk
INV003375,52.714285714285715,at-risk
INV003376,85.8,at-risk
INV003379,75.16666666666667,at-risk
INV003380,72.4,at-risk
INV003382,34.2,active
INV003391,56.6,at-risk
INV003393,63.714285714285715,at-risk
INV003395,79.0,at-risk
INV003398,55.42857142857143,at-risk
INV003403,56.6,at-risk
INV003404,50.285714285714285,at-risk
INV003405,41.0,at-risk
INV003406,59.0,at-risk
INV003407,57.42857142857143,at-risk
INV003422,84.66666666666667,at-risk
INV003424,73.16666666666667,at-risk
INV003427,84.2,at-risk
INV003430,73.4,at-risk
INV003431,51.4,at-risk
INV003432,61.333333333333336,at-risk
INV003435,73.83333333333333,at-risk
INV003437,91.2,at-risk
INV003448,74.5,at-risk
INV003450,47.666666666666664,at-risk
INV003455,35.5,at-risk
INV003457,60.5,at-risk
INV003458,67.85714285714286,at-risk
INV003459,59.4,at-risk
INV003473,95.8,at-risk
INV003475,56.0,at-risk
INV003478,56.625,at-risk
INV003479,65.71428571428571,at-risk
INV003480,82.4,at-risk
INV003484,73.8,at-risk
INV003487,70.6,at-risk
INV003491,59.125,at-risk
INV003492,90.8,at-risk
INV003495,49.22222222222222,at-risk
INV003506,67.0,at-risk
INV003509,60.875,at-risk
INV003511,65.57142857142857,at-risk
INV003514,74.2,at-risk
INV003518,67.8,at-risk
INV003521,89.0,at-risk
INV003524,64.16666666666667,at-risk
INV003526,88.2,at-risk
INV003528,58.625,at-risk
INV003530,51.0,at-risk
INV003531,76.4,at-risk
INV003534,52.714285714285715,at-risk
INV003545,90.0,at-risk
INV003556,77.6,at-risk
INV003557,66.4,at-risk
INV003558,39.166666666666664,at-risk
INV003559,48.333333333333336,at-risk
INV003562,80.5,at-risk
INV003564,71.0,at-risk
INV003580,72.16666666666667,at-risk
INV003581,51.285714285714285,at-risk
INV003582,49.333333333333336,at-risk
INV003586,54.285714285714285,at-risk
INV003592,75.6,at-risk
INV003593,78.2,at-risk
INV003598,68.0,at-risk
INV003599,50.0,at-risk
INV003601,45.25,at-risk
INV003604,90.2,at-risk
INV003607,70.4,at-risk
INV003611,68.83333333333333,at-risk
INV003613,67.42857142857143,at-risk
INV003619,72.0,at-risk
INV003625,62.4,at-risk
INV003627,59.166666666666664,at-risk
INV003630,52.0,at-risk
INV003633,78.8,at-risk
INV003634,47.8,at-risk
INV003635,47.111111111111114,at-risk
INV003641,67.0,at-risk
INV003642,53.166666666666664,at-risk
INV003645,95.2,at-risk
INV003649,96.8,at-risk
INV003650,33.9,active
INV003654,60.5,at-risk
INV003655,49.77777777777778,at-risk
INV003658,70.71428571428571,at-risk
INV003660,79.0,at-risk
INV003669,53.5,at-risk
INV003670,70.85714285714286,at-risk
INV003672,77.2,at-risk
INV003673,68.85714285714286,at-risk
INV003678,32.8,active
INV003681,51.0,at-risk
INV003683,92.4,at-risk
INV003684,98.2,at-risk
INV003685,80.2,at-risk
INV003686,96.6,at-risk
INV003693,71.33333333333333,at-risk
INV003695,51.666666666666664,at-risk
INV003696,75.8,at-risk
INV003697,76.66666666666667,at-risk
INV003702,72.66666666666667,at-risk
INV003705,78.8,at-risk
INV003707,68.6,at-risk
INV003708,60.5,at-risk
INV003709,80.2,at-risk
INV003710,78.6,at-risk
INV003711,72.2,at-risk
INV003712,79.6,at-risk
INV003713,81.5,at-risk
INV003718,91.4,at-risk
INV003720,74.6,at-risk
INV003722,50.666666666666664,at-risk
INV003723,61.8,at-risk
INV003724,68.0,at-risk
INV003733,88.8,at-risk
INV003734,59.0,at-risk
INV003735,45.857142857142854,at-risk
INV003736,77.16666666666667,at-risk
INV003738,50.6,at-risk
INV003740,51.833333333333336,at-risk
INV003741,67.66666666666667,at-risk
INV003744,86.8,at-risk
INV003745,70.2,at-risk
INV003748,56.142857142857146,at-risk
INV003757,81.83333333333333,at-risk
INV003761,51.857142857142854,at-risk
INV003766,65.28571428571429,at-risk
INV003767,47.5,at-risk
INV003771,50.77777777777778,at-risk
INV003772,34.5,active
INV003775,74.0,at-risk
INV003779,76.4,at-risk
INV003780,57.42857142857143,at-risk
INV003781,64.83333333333333,at-risk
INV003785,74.2,at-risk
INV003787,63.25,at-risk
INV003793,72.33333333333333,at-risk
INV003795,67.66666666666667,at-risk
INV003811,78.66666666666667,at-risk
INV003812,50.833333333333336,at-risk
INV003813,82.2,at-risk
INV003815,72.5,at-risk
INV003824,71.5,at-risk
INV003825,81.2,at-risk
INV003828,30.666666666666668,active
INV003829,48.55555555555556,at-risk
INV003830,71.4,at-risk
INV003844,68.5,at-risk
INV003847,50.0,at-risk
INV003849,77.2,at-risk
INV003851,57.833333333333336,at-risk
INV003860,46.0,at-risk
INV003862,60.166666666666664,at-risk
INV003865,85.16666666666667,at-risk
INV003868,87.6,at-risk
INV003872,45.375,at-risk
INV003876,77.6,at-risk
INV003880,68.57142857142857,at-risk
INV003885,71.6,at-risk
INV003892,55.22222222222222,at-risk
INV003896,82.0,at-risk
INV003897,71.6,at-risk
INV003903,50.285714285714285,at-risk
INV003905,62.5,at-risk
INV003906,55.111111111111114,at-risk
INV003912,68.6,at-risk
INV003913,61.42857142857143,at-risk
INV003916,67.2,at-risk
INV003920,66.85714285714286,at-risk
INV003936,89.6,at-risk
INV003938,52.5,at-risk
INV003940,70.66666666666667,at-risk
INV003943,42.5,at-risk
INV003945,56.333333333333336,at-risk
INV003946,69.16666666666667,at-risk
INV003948,43.666666666666664,at-risk
INV003952,54.666666666666664,at-risk
INV003958,85.6,at-risk
INV003962,68.71428571428571,at-risk
INV003964,51.22222222222222,at-risk
INV003968,92.4,at-risk
INV003972,84.2,at-risk
INV003975,50.142857142857146,at-risk
INV003978,68.14285714285714,at-risk
INV003979,56.0,at-risk
INV003981,67.66666666666667,at-risk
INV003985,93.0,at-risk
INV003996,95.2,at-risk
INV004001,40.285714285714285,at-risk
INV004004,40.77777777777778,at-risk
INV004005,73.66666666666667,at-risk
INV004007,38.833333333333336,at-risk
INV004009,62.285714285714285,at-risk
INV004014,61.875,at-risk
INV004015,88.0,at-risk
INV004017,40.5,at-risk
INV004023,52.0,at-risk
INV004037,74.6,at-risk
INV004038,71.66666666666667,at-risk
INV004049,48.2,at-risk
INV004063,56.57142857142857,at-risk
INV004066,75.16666666666667,at-risk
INV004069,74.0,at-risk
INV004070,67.66666666666667,at-risk
INV004079,71.33333333333333,at-risk
INV004085,68.33333333333333,at-risk
INV004091,73.6,at-risk
INV004094,55.8,at-risk
INV004098,58.2,at-risk
INV004099,58.8,at-risk
INV004106,55.8,at-risk
INV004112,55.2,at-risk
INV004116,54.888888888888886,at-risk
INV004118,64.6,at-risk
INV004119,73.2,at-risk
INV004123,85.0,at-risk
INV004124,63.8,at-risk
INV004125,61.625,at-risk
INV004127,87.6,at-risk
INV004128,67.2,at-risk
INV004134,35.4,at-risk
INV004135,50.111111111111114,at-risk
INV004143,97.0,at-risk
INV004145,66.2,at-risk
INV004146,88.2,at-risk
INV004147,72.2,at-risk
INV004149,50.2,at-risk
INV004151,63.142857142857146,at-risk
INV004153,60.0,at-risk
INV004154,46.72727272727273,at-risk
INV004172,63.0,at-risk
INV004174,86.6,at-risk
INV004175,67.85714285714286,at-risk
INV004177,45.42857142857143,at-risk
INV004179,71.2,at-risk
INV004181,93.4,at-risk
INV004191,77.16666666666667,at-risk
INV004196,78.33333333333333,at-risk
INV004199,58.2,at-risk
INV004202,47.625,at-risk
INV004203,66.57142857142857,at-risk
INV004208,73.4,at-risk
INV004212,69.33333333333333,at-risk
INV004216,82.0,at-risk
INV004228,72.33333333333333,at-risk
INV004232,71.4,at-risk
INV004239,61.142857142857146,at-risk
INV004241,53.666666666666664,at-risk
INV004243,55.714285714285715,at-risk
INV004246,34.166666666666664,active
INV004247,87.2,at-risk
INV004248,42.666666666666664,at-risk
INV004258,49.666666666666664,at-risk
INV004266,61.833333333333336,at-risk
INV004267,53.333333333333336,at-risk
INV004270,69.66666666666667,at-risk
INV004271,79.8,at-risk
INV004279,50.285714285714285,at-risk
INV004281,41.714285714285715,at-risk
INV004282,52.857142857142854,at-risk
INV004285,76.16666666666667,at-risk
INV004288,72.83333333333333,at-risk
INV004289,45.9,at-risk
INV004293,81.8,at-risk
INV004295,44.75,at-risk
INV004296,102.2,at-risk
INV004297,41.875,at-risk
INV004299,64.14285714285714,at-risk
INV004306,57.0,at-risk
INV004308,84.66666666666667,at-risk
INV004314,83.0,at-risk
INV004319,60.5,at-risk
INV004321,42.0,at-risk
INV004324,77.66666666666667,at-risk
INV004326,40.111111111111114,at-risk
INV004332,64.71428571428571,at-risk
INV004335,64.42857142857143,at-risk
INV004338,48.888888888888886,at-risk
INV004340,67.8,at-risk
INV004343,63.0,at-risk
INV004348,52.2,at-risk
INV004349,72.5,at-risk
INV004356,30.8,active
INV004357,72.42857142857143,at-risk
INV004358,45.857142857142854,at-risk
INV004361,61.57142857142857,at-risk
INV004364,80.6,at-risk
INV004367,81.6,at-risk
INV004372,59.2,at-risk
INV004391,57.0,at-risk
INV004392,90.4,at-risk
INV004400,46.57142857142857,at-risk
INV004401,69.85714285714286,at-risk
INV004403,73.6,at-risk
INV004410,40.9,at-risk
INV004411,61.0,at-risk
INV004412,82.33333333333333,at-risk
INV004413,69.0,at-risk
INV004414,53.857142857142854,at-risk
INV004421,90.8,at-risk
INV004427,50.8,at-risk
INV004434,84.6,at-risk
INV004446,65.8,at-risk
INV004447,49.833333333333336,at-risk
INV004450,61.6,at-risk
INV004451,84.0,at-risk
INV004452,81.0,at-risk
INV004454,98.4,at-risk
INV004455,50.0,at-risk
INV004457,81.4,at-risk
INV004459,53.833333333333336,at-risk
INV004460,42.5,at-risk
INV004463,94.8,at-risk
INV004464,62.5,at-risk
INV004468,76.83333333333333,at-risk
INV004472,50.666666666666664,at-risk
INV004473,73.33333333333333,at-risk
INV004475,67.83333333333333,at-risk
INV004477,58.714285714285715,at-risk
INV004484,61.6,at-risk
INV004502,74.5,at-risk
INV004504,55.142857142857146,at-risk
INV004511,37.2,at-risk
INV004517,86.6,at-risk
INV004521,54.5,at-risk
INV004523,87.2,at-risk
INV004528,54.0,at-risk
INV004531,60.0,at-risk
INV004533,55.0,at-risk
INV004542,34.0,active
INV004547,67.5,at-risk
INV004555,53.142857142857146,at-risk
INV004560,48.375,at-risk
INV004562,83.8,at-risk
INV004563,64.83333333333333,at-risk
INV004574,54.57142857142857,at-risk
INV004576,63.0,at-risk
INV004579,43.857142857142854,at-risk
INV004581,72.14285714285714,at-risk
INV004589,71.4,at-risk
INV004594,59.142857142857146,at-risk
INV004598,84.2,at-risk
INV004602,59.625,at-risk
INV004607,56.0,at-risk
INV004608,55.0,at-risk
INV004611,51.166666666666664,at-risk
INV004614,79.6,at-risk
INV004617,39.25,at-risk
INV004621,54.25,at-risk
INV004625,96.4,at-risk
INV004629,64.57142857142857,at-risk
INV004630,50.625,at-risk
INV004631,64.71428571428571,at-risk
INV004633,78.16666666666667,at-risk
INV004635,58.666666666666664,at-risk
INV004636,75.6,at-risk
INV004638,54.333333333333336,at-risk
INV004640,68.33333333333333,at-risk
INV004641,67.8,at-risk
INV004642,54.8,at-risk
INV004643,50.6,at-risk
INV004646,64.5,at-risk
INV004647,70.66666666666667,at-risk
INV004650,80.8,at-risk
INV004661,69.71428571428571,at-risk
INV004665,83.4,at-risk
INV004672,72.0,at-risk
INV004680,47.166666666666664,at-risk
INV004682,42.25,at-risk
INV004688,77.6,at-risk
INV004692,83.6,at-risk
INV004701,20.0,active
INV004704,93.8,at-risk
INV004712,48.57142857142857,at-risk
INV004715,56.833333333333336,at-risk
INV004716,74.0,at-risk
INV004737,54.55555555555556,at-risk
INV004738,93.2,at-risk
INV004741,72.33333333333333,at-risk
INV004753,61.4,at-risk
INV004755,61.166666666666664,at-risk
INV004761,71.4,at-risk
INV004763,83.5,at-risk
INV004764,83.0,at-risk
INV004770,72.85714285714286,at-risk
INV004776,57.375,at-risk
INV004780,69.5,at-risk
INV004785,66.16666666666667,at-risk
INV004787,72.33333333333333,at-risk
INV004798,53.666666666666664,at-risk
INV004804,79.2,at-risk
INV004805,44.666666666666664,at-risk
INV004807,36.857142857142854,at-risk
INV004813,62.0,at-risk
INV004819,62.0,at-risk
INV004825,70.0,at-risk
INV004833,65.4,at-risk
INV004834,38.625,at-risk
INV004840,41.0,at-risk
INV004843,50.857142857142854,at-risk
INV004844,66.66666666666667,at-risk
INV004845,81.8,at-risk
INV004847,73.5,at-risk
INV004848,54.125,at-risk
INV004860,78.4,at-risk
INV004863,68.0,at-risk
INV004864,43.285714285714285,at-risk
INV004865,76.33333333333333,at-risk
INV004868,56.0,at-risk
INV004871,69.14285714285714,at-risk
INV004877,80.5,at-risk
INV004889,70.66666666666667,at-risk
INV004891,55.857142857142854,at-risk
INV004896,79.4,at-risk
INV004901,54.6,at-risk
INV004911,63.666666666666664,at-risk
INV004913,87.0,at-risk
INV004916,75.5,at-risk
INV004917,51.0,at-risk
INV004924,59.75,at-risk
INV004925,70.83333333333333,at-risk
INV004926,66.28571428571429,at-risk
INV004927,34.166666666666664,active
INV004947,45.0,at-risk
INV004953,67.16666666666667,at-risk
INV004956,59.142857142857146,at-risk
INV004958,73.16666666666667,at-risk
INV004959,68.6,at-risk
INV004967,63.2,at-risk
INV004973,55.0,at-risk
INV004974,52.42857142857143,at-risk
INV004978,63.833333333333336,at-risk
INV004981,49.142857142857146,at-risk
INV004983,57.666666666666664,at-risk
INV004984,75.33333333333333,at-risk
INV004986,81.33333333333333,at-risk
INV004992,81.5,at-risk
INV004996,46.333333333333336,at-risk
INV004997,71.0,at-risk
